row,p01,p02,p03,p04,p05,p06,p07,p08,p09,p10,p11,p12,p13,p14,p15,p16,p17,p18,p19,p20,p21,p22,p23,p24,p25,p26,p27,p28,p29,p30,p31,p32,p33,p34,p35,p36,p37,p38,p39,p40,p41,p42,p43,p44,p45,p46,p47,p48,p49,p50,p51,p52,p53,p54,p55,p56,p57,p58,p59,p60,p61,p62,p63,p64
1,0.04428934895978308,0.04259939434936363,0.03988233519537125,0.03617758534782653,0.03167036612277596,0.026759540989359974,0.021741313126951538,0.01675884722511677,0.01188461362395718,0.007114524162433269,0.0024156540031004983,-0.0021692941055750847,-0.006645539272437989,-0.01098773899572875,-0.015159162358565799,-0.019128641291031114,-0.022893049574155357,-0.02635820481216061,-0.029896248820167014,-0.0343000814790353,-0.0400305061514415,-0.04655758220910805,-0.05206945522100745,-0.05396380334798234,-0.049771963299692176,-0.038478056316669486,-0.02139869095484194,-0.001852253317242873,0.01610155197720989,0.029072360068336706,0.035523994751578095,0.0358842567552226,0.03160867656645971,0.024320793151836377,0.01569318312869954,0.007036393311088656,-0.0007255308679379985,-0.007174833882020347,-0.012317467791321727,-0.01635370109104773,-0.019534369744062703,-0.022005803841780636,-0.023795013690743782,-0.025060469399128506,-0.025913598474874927,-0.026253240209193052,-0.025853749785754776,-0.02453953383693197,-0.022222371065524008,-0.018876571465081513,-0.014575642387152811,-0.009474012683117435,-0.0037612198717508817,0.002329615786764269,0.008503449024725352,0.014521215679229258,0.0201817313255737,0.025324885128580672,0.029870636524718153,0.03373252589339177,0.0368941905630807,0.03933403963909604,0.04099498341743293,0.041875395815203144
2,0.04259939434936363,0.04214893425637524,0.04066416095529231,0.03815075070158054,0.03473700295986113,0.030771478727335128,0.026509450836897964,0.022072207995616572,0.017531495880144774,0.012887015415559451,0.00813307315056436,0.0033523542917507578,-0.0014238660048974633,-0.006132752723204357,-0.010710678124132945,-0.015114587958932701,-0.01934651754596348,-0.02334408058370447,-0.02744157773484281,-0.03232225483853545,-0.03835193150393236,-0.044986939340742965,-0.05048751903941006,-0.05239025319410732,-0.048374365572739435,-0.037454752866653,-0.020849581254740696,-0.0017494481505011057,0.015906681614558455,0.028803903466705808,0.035394493023406005,0.03602257326407533,0.03204311831568897,0.024996279172666187,0.016502989039224508,0.00783665472866609,-9.511142578215654e-05,-0.00685460084026024,-0.012395591932544348,-0.016857671460428946,-0.02043774507462122,-0.023254945041895708,-0.025313676040579117,-0.026765601283902467,-0.027741233491446422,-0.028186226427261804,-0.027928128062593743,-0.02682958000293086,-0.024823651893957435,-0.02188080329309902,-0.018048321464068446,-0.013443749506214929,-0.008218808751176969,-0.002569312059324542,0.00324639417944697,0.009017161096221872,0.01456263020224491,0.019731961511220884,0.02445278492666708,0.02864633392248324,0.032305824420298404,0.03541727798204976,0.03791750038571648,0.0397639837174465
3,0.03988233519537125,0.04066416095529231,0.04046571750837849,0.03926160188588983,0.037107462841399236,0.034276034662427055,0.030959570193901116,0.02724686122595688,0.023205488101817346,0.018841369110017967,0.014177489104962684,0.009334375820533347,0.004378594727382995,-0.000592697510507518,-0.005491750564597667,-0.010266497378086856,-0.014928624772457984,-0.019456724316406014,-0.02415171421718695,-0.029587701407046408,-0.036036768747987225,-0.04294379241135779,-0.048635963472338305,-0.050762390937452856,-0.04711227321432547,-0.036701197515852116,-0.020642822286757963,-0.002009344628065277,0.015361829147502644,0.028209806884254993,0.034962208306124176,0.03587208231315177,0.032197637275036425,0.02540764761391441,0.017074317476796476,0.008430101701975657,0.0003628273556448999,-0.006669431333619939,-0.012563912362805402,-0.017396917834738908,-0.02131337482491136,-0.02441103936083116,-0.026678234634046692,-0.02826032519658728,-0.029304108786673905,-0.029800047447520683,-0.029628573996414963,-0.02869245421060047,-0.026950146004466925,-0.02437572233784155,-0.020998396538937373,-0.016906291429012087,-0.01221772972932986,-0.0070918203270565515,-0.0017455939876435786,0.003644398782783476,0.008925517530140856,0.013963771395313934,0.018699495223959146,0.023066619007957256,0.027071634041348602,0.03071220677193346,0.03392529761758997,0.036635923944706425
4,0.03617758534782654,0.03815075070158054,0.03926160188588983,0.039461535244478964,0.03871933548488413,0.03720492562627176,0.035023373991151185,0.03221859002072556,0.028848781724396148,0.02492682165748608,0.02050518337875609,0.01574000677643993,0.010731942904442711,0.005609274448591658,0.00048097755667319533,-0.00459479342599016,-0.00964322643479842,-0.01469055738558243,-0.02001055898324279,-0.026075268647978347,-0.03306980899568248,-0.04043010765824673,-0.046538820841947444,-0.049120941800020995,-0.046029405981999665,-0.0362494945173773,-0.020789735995765425,-0.0026203427125523478,0.014494902867545742,0.027319805347734944,0.0342500276392228,0.03544452494185308,0.03206787382357317,0.025536575445914565,0.017378620289010265,0.008778865484904853,0.0006044272135186874,-0.00666358495788616,-0.012860539146189582,-0.017998393907672897,-0.02217367910121364,-0.025471012023761994,-0.027871948859854997,-0.029518496011770794,-0.03057312637213375,-0.031068418708945198,-0.030935879184068597,-0.030118784814578806,-0.02860181676925648,-0.026366859748796295,-0.02343212834706335,-0.01986422369262113,-0.015753162993881808,-0.011222863294738258,-0.006445249408758914,-0.0015562325108920965,0.003325772686185658,0.008089930595709139,0.012692821920138923,0.017083866720305648,0.021284767324907534,0.025307271876410426,0.029093465202346146,0.032545257106393215
5,0.03167036612277596,0.03473700295986113,0.037107462841399236,0.03871933548488413,0.039451803994323686,0.039355126300308595,0.03843105960471354,0.03666938676150113,0.03411224464924152,0.0307781188172204,0.026747366941722188,0.02220779976649889,0.017291476734515285,0.012152925377285224,0.006917918230774928,0.0016475517603845911,-0.0036996944952082003,-0.009200956025771477,-0.015110134767691647,-0.0218102665047385,-0.02941325111415216,-0.03735403827762525,-0.044063620821144116,-0.04730787196242593,-0.044953964347373136,-0.03592585392919189,-0.021130366411838308,-0.0034581643999843964,0.013380824713739936,0.0261624347201356,0.03324508283302586,0.0346962133231987,0.03159796432716761,0.025328233316787862,0.017369098424160005,0.008852452431377805,0.0006233401500601576,-0.006814784647884735,-0.013233195350178613,-0.018581493748649747,-0.02291577354561175,-0.02631803376411129,-0.02877182261402852,-0.0304184502634095,-0.03143613748578715,-0.031897173752368266,-0.03177936075287672,-0.0310609424346015,-0.02974926944807213,-0.02783606619953527,-0.02533412644149466,-0.02229605364524995,-0.018789194501023673,-0.014905173009672739,-0.010769270996802856,-0.0064734279158091615,-0.0020977995133769547,0.0022743240090838035,0.006617619063698333,0.01089872943632458,0.015154861665118027,0.01941259367687765,0.023622751825518495,0.02767226282400514
6,0.026759540989359967,0.030771478727335128,0.034276034662427055,0.03720492562627176,0.039355126300308595,0.0406583837438123,0.04101017267539628,0.04034292444625403,0.03867762171518914,0.03603359678009797,0.032512900602002195,0.028327353007060872,0.02363408863412182,0.018607163762799354,0.013383563905364512,0.008024080272846032,0.0024705450734800703,-0.0034027571992289096,-0.009835385464634883,-0.01713720059307413,-0.02536400342283912,-0.03395686722421052,-0.04138473619920915,-0.04542146925633336,-0.04390787550157395,-0.03568744163172101,-0.021573122420976174,-0.004399834269309624,0.012153671601411835,0.024866947247580946,0.03206252818687933,0.033724876703133455,0.03087023627411607,0.02484950048677315,0.01710048893411015,0.008700799780003377,0.00047304476389775825,-0.007059071780754163,-0.013607417579493858,-0.019066692407927528,-0.02346417854222987,-0.026889640384210687,-0.029333081629196348,-0.030935644471214586,-0.03188918476373841,-0.032300955170608436,-0.03218797428747214,-0.03155654362557517,-0.030431524563791335,-0.028815041947243828,-0.026718584554395977,-0.024186811464221747,-0.021270479057618294,-0.018034014140528937,-0.01455841913662306,-0.010892492747478184,-0.007077858244301853,-0.0031683714906728493,0.0008292070303293464,0.004899386065876845,0.009094498862115741,0.013455691703717089,0.01794443805242129,0.02243985855591464
7,0.021741313126951545,0.026509450836897964,0.030959570193901116,0.035023373991151185,0.03843105960471354,0.04101017267539628,0.042562065623956945,0.042966680524621194,0.042220502465810356,0.04033686886859645,0.037428983475227155,0.033720732531716625,0.02938514084007083,0.024607454275392023,0.019529289410175708,0.014207386542629968,0.008566073244749972,0.002434316454676131,-0.004417648241822935,-0.01224119122103037,-0.021053881349021634,-0.030314166651940734,-0.038526926902511326,-0.04345171190788828,-0.0428655961401537,-0.035504847548944576,-0.022088530958042956,-0.005413467300278799,0.010853161341059304,0.02348285091541633,0.030762647992984,0.03260058256766387,0.029956195814443354,0.02416628511605424,0.01663167247197562,0.008377915136616593,0.00020779231534814768,-0.0073366639559397364,-0.013916461890236301,-0.019384155323073794,-0.023750617823470453,-0.027121345903396724,-0.029496656957129788,-0.031017737948573113,-0.031888590084952755,-0.03224602480415658,-0.03213778179277131,-0.03159055565977092,-0.030641427883841207,-0.029301228096107957,-0.027581571396137473,-0.02552205569433077,-0.02316166097677444,-0.02054324593278165,-0.017708847641125396,-0.014668739535602219,-0.011429302167186309,-0.008015549956988981,-0.004416833478731522,-0.0006309397995709047,0.0034080793144598675,0.007754200300436222,0.012380364303520491,0.017163780647672707
8,0.01675884722511677,0.022072207995616572,0.027246861225956882,0.03221859002072556,0.036669386761501124,0.04034292444625403,0.042966680524621194,0.04438066768571974,0.04455662105511075,0.04349620017503953,0.041311277695447166,0.03822136719611955,0.03440169753017618,0.030037366913968983,0.025266552729946434,0.02013804195266567,0.014558975119931431,0.00831732001880905,0.0011863764703410665,-0.007045811175270654,-0.016380523878970918,-0.026305319651544937,-0.035358153448774146,-0.04126660126226125,-0.04171202372999135,-0.03529417553772501,-0.022630371855586577,-0.006486587886632698,0.00947023633939683,0.021996028762788708,0.02933357728488919,0.03131361956828464,0.02884763916941756,0.023267484713925465,0.01594535930896091,0.007859992247565986,-0.00020069486982436286,-0.007676319432340125,-0.01418761650837241,-0.019558615139226146,-0.02379545597147393,-0.027026750119753026,-0.02926910698499023,-0.030665651153250286,-0.03143145792669538,-0.03172850242346851,-0.03162757572372076,-0.031168285543435783,-0.03039384011232598,-0.029320806248824292,-0.027959418333655964,-0.026343914979097587,-0.02450345979367245,-0.02246428683808784,-0.020236374727537903,-0.0177982375204103,-0.015126494569127995,-0.012219766415263714,-0.009052152619328126,-0.005604241397501741,-0.001799334080676573,0.002426479869727345,0.007057198949051334,0.011972348901743353
9,0.01188461362395718,0.017531495880144774,0.023205488101817346,0.028848781724396148,0.034112244649241515,0.03867762171518914,0.04222050246581035,0.04455662105511074,0.045640033017190725,0.04546131588154837,0.0441194534953455,0.04180815439864317,0.03868408104972961,0.034915677260089116,0.030627406685353836,0.025855828703205956,0.020491295114906362,0.014285009415946157,0.007008379625754417,-0.0015280639686536689,-0.01132882609454025,-0.021919441240423398,-0.03186418584665356,-0.038836440811295586,-0.04039434766631404,-0.03499384989864316,-0.023158591916625105,-0.007610579575905436,0.007999353644877668,0.02040943355789736,0.02779453124955248,0.029896291567989598,0.027585195895527444,0.022195154420012467,0.01507545585205587,0.0071641939402304865,-0.000756039660539054,-0.008101082526758617,-0.01445740410907189,-0.01963413350600797,-0.023646892267955785,-0.0266556749152234,-0.028701082555952218,-0.029931682306018774,-0.030571783117982216,-0.030803378114984563,-0.0307138497117674,-0.030349710246216462,-0.029754229030337122,-0.028946013506165113,-0.027930604492051512,-0.026733799980700888,-0.025375066321652606,-0.023868926438205495,-0.02220116814836161,-0.020326446946912127,-0.01819771514377332,-0.01578980754164872,-0.013064353281778586,-0.009986844821480918,-0.006474306392948003,-0.0024573470248527175,0.002056631819249641,0.006953423317628256
10,0.007114524162433269,0.012887015415559446,0.018841369110017967,0.02492682165748608,0.030778118817220392,0.03603359678009797,0.04033686886859645,0.04349620017503953,0.04546131588154838,0.04622319402456056,0.045860794311892474,0.044518033287224264,0.04230694743913828,0.039356965704482924,0.03576477154848405,0.03154855981605249,0.02658251435066847,0.020585621026322783,0.013321558887388495,0.004604097353152102,-0.005598167234122837,-0.01686251010662127,-0.02777817294783452,-0.035941958892273675,-0.03875492559474914,-0.034517445235699946,-0.023657072383278095,-0.008815387122435339,0.00639063959516664,0.018666712375445864,0.026089215563796574,0.028297424707772648,0.02612415733428573,0.020903721974601455,0.013968812351530682,0.006225368309314591,-0.0015385607344554763,-0.008706368198045872,-0.014833602392640165,-0.01972454777738261,-0.02341732931050301,-0.02611391571799486,-0.02788888818563226,-0.02890219941277729,-0.02938753992232745,-0.02954205257283855,-0.02946289730499953,-0.0291991623204875,-0.02878893423839852,-0.02824906845451557,-0.027576637997600014,-0.0267849027816246,-0.025881829758133173,-0.024873146497900567,-0.023726384717144243,-0.02237904027923806,-0.020766221813642568,-0.01884166280879343,-0.016558741012567227,-0.013871123624610607,-0.01069566985894095,-0.006963307166598728,-0.0026763636118659903,0.002060797159393123
11,0.002415654003100497,0.008133073150564355,0.01417748910496268,0.020505183378756082,0.026747366941722188,0.03251290060200219,0.037428983475227155,0.041311277695447166,0.0441194534953455,0.045860794311892474,0.04659399554194944,0.04639463558809445,0.04530831637910388,0.04340315808506195,0.040731241265911065,0.03728293181987782,0.032915124578468034,0.02731753227467746,0.020239551117127105,0.011478831214995449,0.0009521327811948338,-0.010985997733717242,-0.02295168540382044,-0.03244745351198663,-0.03668696389870759,-0.033800766981124955,-0.02410815452863687,-0.010125363199145122,0.0045859500799923765,0.016685228661751008,0.02412546388031315,0.02642858669848624,0.02438474666560536,0.019322357902996194,0.012564059209601207,0.004992475436404116,-0.0025904763432812797,-0.00953019392302728,-0.015355257274468716,-0.019872834940647854,-0.023153249793278735,-0.025446583102597266,-0.02687122163846622,-0.027607031967197482,-0.027899318305821458,-0.027956839581916457,-0.02788132791627055,-0.027722541118142714,-0.02750913151346982,-0.02725139548224063,-0.026931948945123206,-0.026546429492704554,-0.02608886349826286,-0.025557720923835,-0.024906314076296357,-0.02405971406861443,-0.022940033054116134,-0.021483365212635035,-0.0196394360239922,-0.017354204783648935,-0.014550543223307306,-0.011165188176808451,-0.007198628924945612,-0.002742316778376142
12,-0.0021692941055750847,0.0033523542917507586,0.009334375820533352,0.015740006776439934,0.022207799766498892,0.028327353007060872,0.03372073253171662,0.03822136719611955,0.04180815439864317,0.04451803328722427,0.04639463558809446,0.04744136781724415,0.04763049877525452,0.0469535727164347,0.04540278241071153,0.04292837262568061,0.0393664065622091,0.03437962239481673,0.02769482171607162,0.01907282681188872,0.00835173746565334,-0.0042021246038642605,-0.017243090433370235,-0.02818055141633709,-0.034021614481728066,-0.03270012992894924,-0.024399744295007242,-0.011475201671789084,0.002588082076174527,0.014406901326095267,0.0218050605379652,0.024178605139982694,0.0222612432418265,0.017362286995289078,0.010796597824565702,0.003429031555633377,-0.003920589789671158,-0.01055969769505747,-0.01599704309300163,-0.020049627711543633,-0.02282904054238354,-0.024639333692622067,-0.025649418516966328,-0.026064245747457953,-0.02614009341012299,-0.026092573838246213,-0.02602279640514906,-0.025979111282145476,-0.02597808603149991,-0.026019698658675865,-0.026067246924296815,-0.02609450843834962,-0.02607979327653005,-0.026014538285749306,-0.02584007253617881,-0.025472138775702303,-0.02482375739348404,-0.023817450322613818,-0.022403737415683023,-0.020524661329235278,-0.018113569015004525,-0.015116120160938362,-0.011532926374918371,-0.007441003057731461
13,-0.006645539272437988,-0.0014238660048974635,0.004378594727382996,0.010731942904442711,0.017291476734515285,0.023634088634121815,0.029385140840070826,0.03440169753017618,0.03868408104972961,0.04230694743913828,0.04530831637910388,0.04763049877525452,0.04918490171717897,0.04988037571204601,0.04963639178883234,0.04834819045117576,0.04582185546246564,0.04168913474130973,0.03564298836599467,0.027389282621856446,0.01666283190562441,0.0036193518615514667,-0.010452436344671825,-0.022887925473052538,-0.030489957260602916,-0.030974852107157336,-0.02435451208326419,-0.01278480588841007,0.000372216731866201,0.01172454769076785,0.018970815595312034,0.021372486391903815,0.019591965040662167,0.014895083269286227,0.008579222933440883,0.001493971245302701,-0.005525352279657347,-0.011757694882106644,-0.016701436178449738,-0.020188450933582205,-0.022377304065181684,-0.023629676353671678,-0.02417281846309448,-0.024238411535367328,-0.024088339645597253,-0.023941607104855767,-0.02389368070805806,-0.023986309394708312,-0.024222676930130617,-0.024590780291107613,-0.0250311403472084,-0.025491342663445837,-0.025931111921234016,-0.026333186409771673,-0.026627598245307332,-0.026723806874322218,-0.026529312091382064,-0.025957820195335084,-0.024965337179826852,-0.02349368125697762,-0.021489128292611008,-0.01890669309221413,-0.015747095080150632,-0.012072711690663462
14,-0.010987738995728752,-0.006132752723204357,-0.0005926975105075186,0.005609274448591656,0.012152925377285224,0.01860716376279935,0.024607454275392023,0.03003736691396898,0.034915677260089116,0.039356965704482924,0.04340315808506195,0.0469535727164347,0.049880375712046,0.052018041906174615,0.05321067688722607,0.05328860048302457,0.0520190417294166,0.048996433651802604,0.04386610486466236,0.03625986817173292,0.025783551394487157,0.012453717365462521,-0.002526421318839648,-0.01645087142128007,-0.025940842583065223,-0.02848346435339477,-0.023866146709811412,-0.01398971318775717,-0.0020412819915845344,0.00861423188334674,0.015586070394372905,0.017999763032478296,0.01640171441842222,0.011981452773687206,0.006007260529325083,-0.0006943203003334971,-0.007277343552378499,-0.013000652587250021,-0.017362080705986084,-0.02021089907037416,-0.02175191057448082,-0.02240172135448043,-0.02244697603630167,-0.022149036729802694,-0.021777253108883877,-0.021549851568419078,-0.021549205912646297,-0.02180542896536519,-0.02230797652698301,-0.023031998236935924,-0.023893488440266966,-0.024809533286130062,-0.02571750444272914,-0.026588696200226462,-0.027343037959072287,-0.02788658363227229,-0.028124784374524113,-0.027967012262512525,-0.02737840708480361,-0.02630434926284051,-0.024705777318458803,-0.022546163306199497,-0.019824991777809994,-0.016591548368132703
15,-0.015159162358565799,-0.010710678124132945,-0.005491750564597667,0.00048097755667319577,0.006917918230774928,0.013383563905364508,0.019529289410175704,0.02526655272994643,0.030627406685353836,0.035764771548484044,0.040731241265911065,0.04540278241071152,0.04963639178883234,0.05321067688722607,0.055905705496738796,0.057488407621405335,0.05768349874533224,0.056041454345044366,0.052144631490624364,0.04552945887543424,0.035642417978502296,0.022323259859993134,0.0066488381793110285,-0.008681446664024171,-0.020144976301061778,-0.024996861683528427,-0.022743057378690864,-0.014959435965359797,-0.004593177737340205,0.005084160805277368,0.011643272485832017,0.014067873856144756,0.012735163229371666,0.008710231075454872,0.003208408256002327,-0.002986310515389226,-0.009025397879828596,-0.014152535728892749,-0.017871642908132396,-0.02004588898288378,-0.02091873738796321,-0.02095598131429355,-0.02049901843487001,-0.019842527724959976,-0.019270638940026067,-0.018997905015083798,-0.01908483192195414,-0.01954265044962984,-0.020346631720808483,-0.02145876721195782,-0.022769221390318527,-0.024160315136788475,-0.025543894471393103,-0.02687848775007525,-0.028076390026492114,-0.029043510767985718,-0.02968601804264947,-0.029912606394843975,-0.02970024066762117,-0.029001163096410706,-0.02779266390250245,-0.02604524967556988,-0.023755605861362394,-0.02096297462193406
16,-0.019128641291031114,-0.015114587958932703,-0.010266497378086853,-0.0045947934259901605,0.0016475517603845911,0.008024080272846028,0.014207386542629968,0.02013804195266567,0.025855828703205956,0.03154855981605249,0.03728293181987782,0.04292837262568061,0.04834819045117576,0.05328860048302457,0.057488407621405335,0.06067266466964486,0.06253595226093793,0.06259290651584935,0.06034895963703086,0.0552086135282979,0.0464066396364921,0.03354602908461184,0.017509889707548743,0.0009162449566715294,-0.012618684269206112,-0.02011097577686481,-0.020712483786205105,-0.015576209694911644,-0.007289208716958381,0.001071718772261804,0.007061960218927363,0.00949617912645971,0.00854132355324987,0.005080027579380058,0.00022237736440153434,-0.005319625317236037,-0.010705909387059658,-0.015167875879922238,-0.018207555744707716,-0.019689681525040758,-0.019887661287096802,-0.019313650082328004,-0.018363721202332848,-0.017365135180104997,-0.01661858643286308,-0.01633693687769839,-0.01655618340499017,-0.017261319635351696,-0.018411525099939978,-0.01995334926536152,-0.021747568333184638,-0.02363735298572337,-0.025507467295936583,-0.027303225204397538,-0.028931385396438462,-0.030300269335484218,-0.031318322762823904,-0.03189696119412813,-0.03202669071579251,-0.03166986813997868,-0.03082174875632329,-0.02945907102696986,-0.02757520867319372,-0.025203500220118632
17,-0.022893049574155354,-0.01934651754596348,-0.014928624772457983,-0.009643226434798419,-0.003699694495208199,0.0024705450734800673,0.008566073244749969,0.014558975119931428,0.020491295114906362,0.026582514350668468,0.032915124578468034,0.03936640656220909,0.04582185546246564,0.0520190417294166,0.05768349874533224,0.06253595226093793,0.06628718098161789,0.06847250716301886,0.06851924914105871,0.06562917561976533,0.05871688335436999,0.04703096265772021,0.031139238926513352,0.013461532049562172,-0.002356390581628859,-0.013063698380365281,-0.01732819640054425,-0.015712072041860477,-0.010262555310889708,-0.003728899530381509,0.0014506278434628763,0.0038822583646099594,0.003463023893895995,0.000804286672601558,-0.0031668073836311392,-0.007851056281130782,-0.012432493333153124,-0.01613144396710921,-0.018434889550007702,-0.019190756705192838,-0.018688511474614238,-0.017482249583642674,-0.016024912951384907,-0.014677440761269455,-0.01376108357874793,-0.013493527925142664,-0.013889568699949846,-0.014903099719793424,-0.01647017641937889,-0.018512171965667873,-0.020854460531335658,-0.0232973271166828,-0.025695499703109196,-0.027979345897430875,-0.030050708246983835,-0.03182083354340962,-0.03320064217444391,-0.03410749051665556,-0.03454709309110874,-0.03449441235549561,-0.03396467381905196,-0.03294167548027489,-0.03141700961478168,-0.029423921451928205
18,-0.02635820481216061,-0.02334408058370447,-0.019456724316406018,-0.01469055738558243,-0.009200956025771477,-0.003402757199228912,0.002434316454676128,0.008317320018809044,0.014285009415946157,0.020585621026322783,0.02731753227467746,0.03437962239481673,0.04168913474130974,0.048996433651802604,0.056041454345044366,0.06259290651584935,0.06847250716301886,0.07338817324136646,0.07673374805506833,0.07739816231044556,0.0737766186075423,0.06452927361768235,0.049662053353155065,0.031182762941488373,0.012672726704879128,-0.0022915082049943447,-0.011659395480351043,-0.015083874252171229,-0.013774138914136272,-0.009957622114499111,-0.006020330966540769,-0.0036271432849911468,-0.0032761429331830544,-0.004770052665994053,-0.007478329593840437,-0.010975894841880229,-0.014494882751263516,-0.01724649189801886,-0.01869143765994743,-0.018640441296885742,-0.017379826666184383,-0.015496609343657703,-0.013496480455590681,-0.011772651682472227,-0.010672222975703315,-0.010427212444246915,-0.011042188001797683,-0.012441115744912544,-0.014525706726480157,-0.01717463304407691,-0.020169919982309832,-0.023264775489612633,-0.026276655429667867,-0.029115383279352376,-0.03167598856546718,-0.03387094603676352,-0.03561325264533368,-0.036830243815821326,-0.03754538345235732,-0.03774864455662643,-0.03747724889061837,-0.03672358655410659,-0.03548155214538282,-0.03379218172380718
19,-0.029896248820167014,-0.02744157773484281,-0.02415171421718695,-0.020010558983242787,-0.015110134767691647,-0.009835385464634885,-0.004417648241822935,0.001186376470341065,0.007008379625754419,0.013321558887388498,0.020239551117127108,0.02769482171607162,0.03564298836599467,0.04386610486466236,0.05214463149062437,0.06034895963703086,0.06851924914105872,0.07673374805506833,0.08449538283462257,0.09038575694398135,0.09212639620481493,0.08744424681567889,0.07528494385256275,0.0567689172207378,0.03517699003276468,0.01447858364816887,-0.002196705247668474,-0.01306517950431177,-0.017978140304124313,-0.018282641262964465,-0.016231357939296493,-0.013882743445947806,-0.012343856311358424,-0.012064651612648252,-0.012887184267586215,-0.01465103151220656,-0.016681462592018574,-0.01819225054337005,-0.01860638833773696,-0.01766581211822433,-0.01562399324101863,-0.013086860059404072,-0.01058808916260618,-0.008523915773477957,-0.007265113637650474,-0.00708111212734709,-0.00799233818532631,-0.00990021820697134,-0.012662880655421963,-0.0160957322019344,-0.0199220986178892,-0.023837929518471787,-0.027610962215628018,-0.031121259120286186,-0.03425273506604153,-0.03691826648054672,-0.039034245923994744,-0.040544216900412815,-0.041493675177754,-0.041890667968142795,-0.04179714896373897,-0.04121699871643837,-0.040152348069323544,-0.038662107705575204
20,-0.0343000814790353,-0.03232225483853545,-0.0295877014070464,-0.026075268647978343,-0.02181026650473849,-0.017137200593074133,-0.012241191221030371,-0.007045811175270655,-0.0015280639686536684,0.004604097353152102,0.011478831214995449,0.01907282681188872,0.02738928262185644,0.03625986817173292,0.045529458875434255,0.0552086135282979,0.06562917561976533,0.07739816231044556,0.09038575694398135,0.10317811759890753,0.11297523785755974,0.1162434514827041,0.10998847227901494,0.09340109179622481,0.06881619241621603,0.04060536136606054,0.013521791274208623,-0.008386985061977756,-0.02273955332771568,-0.029344977070714675,-0.030143882687661862,-0.0277837404843997,-0.02432992633235643,-0.02125662463522085,-0.01915847522736053,-0.01828299001414337,-0.01813625594848463,-0.017971648860139997,-0.017168955133147524,-0.015352795900938517,-0.012675850126179862,-0.009709260968766524,-0.006952070886606226,-0.0047362008006270745,-0.0034419408556438866,-0.0034226021549497066,-0.0047662239250819485,-0.007372403902612061,-0.011055742473631834,-0.015544565332461497,-0.020474137176772465,-0.025463499016192312,-0.03021573584299851,-0.03456837802711718,-0.03838509491576719,-0.04158019272747353,-0.044079964395265805,-0.04585402072829349,-0.04697885259843249,-0.04748525070674065,-0.047464215300412435,-0.04693623778357693,-0.04591869003197034,-0.0445000083252486
21,-0.0400305061514415,-0.03835193150393235,-0.036036768747987225,-0.03306980899568248,-0.029413251114152154,-0.025364003422839124,-0.021053881349021638,-0.016380523878970918,-0.011328826094540253,-0.005598167234122836,0.0009521327811948338,0.008351737465653342,0.016662831905624415,0.025783551394487157,0.035642417978502296,0.0464066396364921,0.05871688335436999,0.0737766186075423,0.09212639620481491,0.11297523785755975,0.13366558346989288,0.14945207726082893,0.15433758993244992,0.14373783284828817,0.1175434771237339,0.08021658644961294,0.038857997865889615,0.001006097693754873,-0.027375200308882557,-0.043485222660639776,-0.04858310160672709,-0.04615506750424144,-0.039744164118822395,-0.032400251311824044,-0.025883164982319188,-0.021067362008832583,-0.017782655124688157,-0.01538865069497789,-0.013225365560691392,-0.010733704657900188,-0.00783068501297476,-0.00492321580193278,-0.0023819007451580483,-0.0003891042777321974,0.0006880329444489547,0.00034857064335994933,-0.0016300933385491184,-0.0051764312549546975,-0.010073029253499656,-0.01593810319498531,-0.022277119974989535,-0.028608799531035813,-0.03456413293228487,-0.03992565020869795,-0.044522155893817625,-0.04827042649512298,-0.05112042279025607,-0.053080763715754854,-0.05427418048795225,-0.05476109819937555,-0.05466807049868955,-0.054039822030884956,-0.05291649982425682,-0.05142500892235867
22,-0.046557582209108044,-0.044986939340742965,-0.04294379241135778,-0.04043010765824672,-0.03735403827762524,-0.03395686722421052,-0.03031416665194074,-0.026305319651544933,-0.021919441240423398,-0.01686251010662127,-0.010985997733717244,-0.004202124603864261,0.0036193518615514667,0.012453717365462516,0.022323259859993134,0.03354602908461184,0.04703096265772021,0.06452927361768235,0.08744424681567889,0.1162434514827041,0.14945207726082893,0.18199016279295613,0.20449050902823626,0.20640369907855588,0.18246820497682645,0.13593639573130953,0.07677617248210394,0.017550635387308028,-0.030355438332902492,-0.05999334552527851,-0.07133286426175642,-0.06894952547088329,-0.05847663224175959,-0.04519838647707602,-0.03254751132457484,-0.022307431495522397,-0.01482686604221664,-0.009660676228230835,-0.006115207895395983,-0.003358529613577654,-0.0008637717788596233,0.0013236186685669218,0.0030408941851711004,0.004298331774024516,0.004767961152963128,0.0037609157668801905,0.0008792871576529381,-0.00385551258019644,-0.01021995171508931,-0.017717639880672976,-0.02568294237052156,-0.033512842330270146,-0.04077548913952352,-0.047193236082309506,-0.052545524540818844,-0.05675212245170155,-0.05980627268592132,-0.061772748651772236,-0.06284000786005312,-0.06310738791580683,-0.06274521550622382,-0.06183234372859946,-0.0604374718413381,-0.05872737511053222
23,-0.05206945522100745,-0.05048751903941006,-0.0486359634723383,-0.04653882084194744,-0.044063620821144116,-0.04138473619920916,-0.03852692690251134,-0.035358153448774146,-0.03186418584665357,-0.02777817294783452,-0.022951685403820442,-0.017243090433370238,-0.010452436344671825,-0.0025264213188396483,0.006648838179311028,0.017509889707548746,0.031139238926513355,0.049662053353155065,0.07528494385256275,0.10998847227901494,0.15433758993244992,0.2044905090282363,0.24907478857313117,0.2708402176289734,0.25626545745837187,0.2042684176468011,0.12685081529744366,0.04281224317164408,-0.029064822914298214,-0.07592633714612283,-0.09558538917445561,-0.09374586424832289,-0.0786007726157855,-0.05822598020562864,-0.03818881932263692,-0.021449322258641646,-0.00907194310452849,-0.000893101330192597,0.003811331017517981,0.00623340537853526,0.007562580395672862,0.008335480760496264,0.008642649115610405,0.008629559186005943,0.008021121550756075,0.005973244866174547,0.0019262968173373565,-0.004144039376396444,-0.012022840731846141,-0.021132821109169315,-0.030643383749756847,-0.03982799584822096,-0.04820550368576219,-0.055439847190645396,-0.06126549395808438,-0.0656138406829987,-0.06854351396153284,-0.07019311488892818,-0.0708330299232383,-0.07061230123735779,-0.06974890905076307,-0.06836436432809902,-0.06655768911921696,-0.06452691471910242
24,-0.05396380334798234,-0.05239025319410732,-0.05076239093745284,-0.049120941800020995,-0.047307871962425925,-0.04542146925633336,-0.04345171190788829,-0.04126660126226125,-0.038836440811295586,-0.035941958892273675,-0.03244745351198663,-0.02818055141633709,-0.022887925473052538,-0.016450871421280065,-0.008681446664024171,0.0009162449566715305,0.013461532049562174,0.031182762941488373,0.0567689172207378,0.09340109179622481,0.14373783284828817,0.20640369907855588,0.2708402176289734,0.3158639865031347,0.31907743684324535,0.2708146340057556,0.181456778265522,0.07526964128271235,-0.020540518803756687,-0.08582950905261827,-0.1152187536290672,-0.11501145936770317,-0.09581550237645022,-0.0686280552361342,-0.041367248972021126,-0.018259370075366245,-0.001174180287430783,0.009710913758122443,0.015139569438818529,0.016670590001335143,0.01618440400313712,0.014923405334376917,0.013314511174997726,0.011561110211220273,0.009443913665377786,0.0060683659820108034,0.0007607141116814666,-0.006519571385828962,-0.01554415118239456,-0.025732581672033326,-0.036198018662926795,-0.04612919665513254,-0.05498653093828794,-0.062383067586341455,-0.06805633064649141,-0.07198162238148463,-0.07429694026546993,-0.07521763605884231,-0.07509437305485782,-0.07413527351587636,-0.0725989723690709,-0.07064887602136695,-0.06840731026536058,-0.06608553078091436
25,-0.049771963299692176,-0.04837436557273943,-0.04711227321432547,-0.04602940598199966,-0.04495396434737313,-0.04390787550157394,-0.04286559614015371,-0.041712023729991346,-0.040394347666314036,-0.03875492559474914,-0.03668696389870759,-0.034021614481728066,-0.03048995726060291,-0.025940842583065223,-0.020144976301061778,-0.01261868426920611,-0.002356390581628861,0.012672726704879131,0.03517699003276468,0.06881619241621602,0.11754347712373388,0.18246820497682645,0.25626545745837187,0.31907743684324535,0.3439887539209343,0.3114972518573464,0.22474660607879612,0.1085741628396218,-0.0033423168674083822,-0.08340766636867754,-0.12213698296178833,-0.12517588539998453,-0.10436363468353922,-0.07296067077107443,-0.04093587293399869,-0.01350643266185148,0.006774848738988201,0.01938155408629478,0.025047572031973237,0.025561296848733144,0.023177391212992834,0.019678468968439132,0.015884249746771894,0.012110774466127103,0.008265822079215486,0.003516704200284007,-0.0028470141927084483,-0.010821542392080285,-0.020155137598346227,-0.03037418081460462,-0.04068478503182778,-0.05025702771658607,-0.05849480886570565,-0.0650067509886705,-0.06961907023767201,-0.07239824533167166,-0.07355898329919597,-0.07337147231875847,-0.07223526102344839,-0.07041634848804947,-0.06819437407905576,-0.06575912898385725,-0.06323779961500121,-0.06082837858208163
26,-0.038478056316669486,-0.03745475286665301,-0.036701197515852116,-0.036249494517377294,-0.03592585392919189,-0.03568744163172101,-0.03550484754894458,-0.03529417553772501,-0.03499384989864316,-0.034517445235699946,-0.03380076698112495,-0.03270012992894925,-0.030974852107157336,-0.02848346435339476,-0.024996861683528427,-0.020110975776864805,-0.013063698380365281,-0.0022915082049943416,0.014478583648168874,0.04060536136606055,0.08021658644961294,0.13593639573130953,0.2042684176468011,0.2708146340057556,0.3114972518573464,0.3023282172013489,0.23646561603822286,0.1312063179110573,0.02007510061199878,-0.06460553010269642,-0.10916029930710158,-0.11685528094638906,-0.09857407214814742,-0.06809520877707687,-0.036302054637589,-0.008718310538177006,0.011775088111243743,0.02436750154038294,0.029691507628307422,0.02949108004615073,0.025886711851945465,0.02076232246873171,0.015227509907116014,0.009785814645064233,0.004541901540233061,-0.0011758627445582395,-0.007986333345194625,-0.015792619362341727,-0.024360398595762764,-0.03337136598623357,-0.04217311269403343,-0.049995337952660326,-0.0562827023320114,-0.060754432978684055,-0.06340415410038787,-0.06441068647019277,-0.06404091086849777,-0.0625782263916578,-0.06041220597104841,-0.05783903937994593,-0.055126485125361245,-0.052463515948801547,-0.049956304401347656,-0.04775809668610353
27,-0.021398690954841936,-0.0208495812547407,-0.020642822286757963,-0.020789735995765418,-0.021130366411838315,-0.021573122420976174,-0.02208853095804296,-0.022630371855586577,-0.023158591916625105,-0.02365707238327809,-0.02410815452863687,-0.024399744295007242,-0.02435451208326419,-0.023866146709811405,-0.022743057378690864,-0.020712483786205105,-0.017328196400544248,-0.01165939548035104,-0.002196705247668471,0.013521791274208633,0.038857997865889615,0.07677617248210396,0.12685081529744366,0.181456778265522,0.22474660607879612,0.23646561603822283,0.20357102589203183,0.13096203843412257,0.04269536668410254,-0.031245620314257535,-0.07469564226022102,-0.08704780258084713,-0.07581513095848,-0.05267236839459492,-0.027435606348030432,-0.005063665984323498,0.011727745760774098,0.02201709077715807,0.026172052140769897,0.02556877913259539,0.021782787012761623,0.016344182571791856,0.010400765107969607,0.004495672005839872,-0.0011700370536072884,-0.006972858388628856,-0.013261024917743518,-0.019849222016956783,-0.026541185416463095,-0.033127717850711634,-0.039116306340875984,-0.043927721179695324,-0.04719977636084162,-0.048855298972743426,-0.04906140661427211,-0.04807692427869043,-0.04617873892745416,-0.04361694252408797,-0.04070913206771208,-0.03772642298424116,-0.0348804440280069,-0.03233076924443373,-0.03014413282996251,-0.028404101635588
28,-0.0018522533172428738,-0.0017494481505011062,-0.0020093446280652775,-0.002620342712552342,-0.0034581643999843955,-0.004399834269309626,-0.0054134673002788,-0.006486587886632697,-0.007610579575905438,-0.008815387122435342,-0.010125363199145122,-0.011475201671789087,-0.012784805888410074,-0.01398971318775717,-0.014959435965359797,-0.015576209694911641,-0.01571207204186048,-0.01508387425217123,-0.013065179504311767,-0.008386985061977756,0.0010060976937548728,0.017550635387308042,0.04281224317164409,0.07526964128271235,0.10857416283962182,0.13120631791105733,0.13096203843412257,0.1029917152307068,0.055922281243305276,0.008407068886857568,-0.02501529992623524,-0.039761095357841184,-0.038410585590751,-0.027879750175754465,-0.01468636919660375,-0.002404649544304636,0.006935708991831034,0.012580577693712857,0.01452412439872681,0.013503264411353577,0.010329709268999827,0.005869548490131828,0.0010169631122353068,-0.003892846015883357,-0.008739621241294718,-0.01351511666350814,-0.01818973357169327,-0.022532438958522763,-0.026353604570184253,-0.029500593767641886,-0.03173115002278692,-0.03280610654416126,-0.03263955030977234,-0.03134610716704299,-0.02919528840609416,-0.026460307298006004,-0.02338245865264809,-0.020138748753116057,-0.01693311405550381,-0.013961292718076192,-0.011341654269182364,-0.009186293740586843,-0.007524572785348114,-0.0063594993149361
29,0.01610155197720989,0.015906681614558455,0.015361829147502644,0.014494902867545746,0.013380824713739938,0.012153671601411835,0.010853161341059304,0.009470236339396827,0.007999353644877668,0.006390639595166639,0.0045859500799923765,0.0025880820761745253,0.0003722167318662007,-0.0020412819915845318,-0.004593177737340205,-0.007289208716958379,-0.010262555310889708,-0.013774138914136268,-0.01797814030412431,-0.02273955332771568,-0.027375200308882557,-0.030355438332902492,-0.029064822914298214,-0.020540518803756687,-0.003342316867408386,0.020075100611998777,0.04269536668410254,0.055922281243305276,0.054949381560003716,0.04288311014454402,0.02728262924104992,0.01429659429169956,0.00636437963060704,0.0027102162469528177,0.0013838330223776472,0.0009058124365941392,0.000408181896997326,-0.0004583530987138159,-0.0018910687533193484,-0.0038333616944880512,-0.006303721021266024,-0.009237948740754308,-0.012268361473738864,-0.015339523632867386,-0.01842919959314279,-0.021266914483702336,-0.02354761532260056,-0.025020007596098084,-0.025473683508931613,-0.024803644338781492,-0.023064037248456636,-0.020396857902166183,-0.01698548456922598,-0.013090107055051078,-0.009010862571856586,-0.004973585682640743,-0.0011447674017008255,0.0023970543883505475,0.005577957304251234,0.008295368130970517,0.01052632767036245,0.012212204235107995,0.013348566996111422,0.014001991753610945
30,0.029072360068336703,0.028803903466705808,0.028209806884254993,0.027319805347734944,0.026162434720135592,0.024866947247580942,0.02348285091541633,0.021996028762788705,0.02040943355789736,0.018666712375445864,0.01668522866175101,0.014406901326095263,0.011724547690767848,0.008614231883346741,0.0050841608052773655,0.0010717187722618041,-0.0037288995303815116,-0.009957622114499111,-0.018282641262964465,-0.029344977070714675,-0.043485222660639776,-0.05999334552527851,-0.07592633714612282,-0.08582950905261827,-0.08340766636867754,-0.06460553010269639,-0.031245620314257535,0.008407068886857572,0.04288311014454402,0.06350547326870246,0.06830920095989208,0.06120592415129983,0.0480529062656737,0.03318489400681128,0.01893266707589294,0.006330219038574605,-0.004086753080203815,-0.012107289654167054,-0.017822382158005943,-0.021574389782790106,-0.024044803276765052,-0.02593722144567544,-0.027479891942740482,-0.02879703705106519,-0.029863286312699928,-0.030400402367756065,-0.030070767671897373,-0.028632157278517555,-0.025903597315716252,-0.021865041063492727,-0.016786811673024614,-0.01108065789220532,-0.005118537383085585,0.0007297733082711739,0.0061655532726173105,0.011039785206248494,0.015282210953936526,0.018910480892925,0.02197010808467945,0.024440146779273465,0.02635529379124737,0.027707915994433018,0.028512428862115226,0.028876165068866408
31,0.035523994751578095,0.035394493023406005,0.03496220830612417,0.0342500276392228,0.03324508283302585,0.032062528186879324,0.030762647992984008,0.02933357728488919,0.02779453124955248,0.026089215563796578,0.024125463880313152,0.021805060537965198,0.018970815595312034,0.015586070394372905,0.011643272485832017,0.007061960218927363,0.001450627843462876,-0.006020330966540768,-0.016231357939296486,-0.030143882687661862,-0.04858310160672709,-0.07133286426175642,-0.0955853891744556,-0.1152187536290672,-0.12213698296178833,-0.10916029930710157,-0.07469564226022102,-0.025015299926235232,0.02728262924104992,0.06830920095989208,0.08948041117601413,0.09073789504184245,0.0779282408773489,0.05770344170975201,0.0353706137075746,0.014116515056038238,-0.004141473249263779,-0.018483193594773746,-0.028696782554508287,-0.035187544949561944,-0.03885762313384687,-0.04077321164890483,-0.04154878818174174,-0.041481000234950605,-0.04065596809071692,-0.03897063608270956,-0.036224924892916684,-0.032305877617064827,-0.027164918774480518,-0.020875086678230338,-0.013768782346878288,-0.006322473993937269,0.0010450190893289929,0.007917791899558066,0.01401486549427723,0.019250954475296404,0.023632994887117523,0.02724533457329658,0.03020841854898018,0.03254770866466504,0.034319563252444264,0.03554918699225129,0.036265598256419375,0.03659422905454661
32,0.0358842567552226,0.03602257326407533,0.03587208231315177,0.03544452494185307,0.0346962133231987,0.03372487670313345,0.03260058256766387,0.031313619568284635,0.029896291567989598,0.02829742470777265,0.02642858669848624,0.024178605139982694,0.021372486391903815,0.017999763032478296,0.014067873856144756,0.00949617912645971,0.003882258364609961,-0.0036271432849911494,-0.013882743445947806,-0.0277837404843997,-0.04615506750424144,-0.0689495254708833,-0.09374586424832289,-0.11501145936770316,-0.12517588539998456,-0.11685528094638906,-0.08704780258084713,-0.039761095357841184,0.01429659429169956,0.06120592415129983,0.09073789504184246,0.09985974002586413,0.09165578847627445,0.072218407415796,0.04789374599289786,0.022975326535225098,0.0004265667495568495,-0.018143038350949665,-0.032114236274725524,-0.0416808576636725,-0.04749654661389247,-0.0504425738257522,-0.05120115649845542,-0.05025507376550545,-0.04796715029978407,-0.04450519632050187,-0.03990522867651908,-0.03430474872769457,-0.02784561488050243,-0.020661446346384522,-0.013021660132823942,-0.005290455616359573,0.0022079143081100354,0.009102313084691093,0.015151409834309591,0.020300972314761134,0.02458874459698491,0.02812097085896374,0.031033694155800654,0.03335651527919394,0.03514243425154812,0.03642483727595702,0.03723915009287954,0.03771344902900783
33,0.03160867656645971,0.03204311831568896,0.032197637275036425,0.032067873823573165,0.03159796432716761,0.030870236274116065,0.029956195814443354,0.02884763916941756,0.027585195895527444,0.026124157334285733,0.02438474666560536,0.022261243241826496,0.01959196504066217,0.01640171441842222,0.012735163229371666,0.00854132355324987,0.003463023893895998,-0.003276142933183054,-0.012343856311358424,-0.02432992633235643,-0.039744164118822395,-0.05847663224175959,-0.07860077261578549,-0.09581550237645022,-0.10436363468353922,-0.09857407214814741,-0.07581513095848,-0.038410585590751,0.006364379630607042,0.0480529062656737,0.0779282408773489,0.09165578847627445,0.08952379884677247,0.0753005043812041,0.054329165102407935,0.030805129652352013,0.00805165011055931,-0.0119293160875867,-0.028114701486632587,-0.040231733742874864,-0.04837605776075705,-0.05293237717379798,-0.05440125468906303,-0.053334215808406395,-0.050314429605245514,-0.04582591238968588,-0.04022566726167342,-0.03391406914916816,-0.027200729275446717,-0.02026042098258767,-0.013252723670147813,-0.006359950181923377,0.0002621979261730396,0.006360681343446597,0.011760846975973073,0.016422957556959075,0.02038192207312734,0.023722706807750165,0.026553222949935097,0.028879220227778515,0.030730192359161405,0.032132913035700275,0.03312127751659548,0.03380640262108043
34,0.024320793151836384,0.024996279172666187,0.025407647613914418,0.02553657544591457,0.025328233316787862,0.024849500486773157,0.02416628511605424,0.023267484713925462,0.02219515442001247,0.020903721974601455,0.019322357902996197,0.017362286995289074,0.014895083269286223,0.011981452773687213,0.008710231075454876,0.005080027579380062,0.000804286672601561,-0.004770052665994049,-0.012064651612648249,-0.021256624635220857,-0.032400251311824044,-0.045198386477076025,-0.05822598020562864,-0.0686280552361342,-0.07296067077107443,-0.06809520877707687,-0.05267236839459492,-0.027879750175754465,0.0027102162469528185,0.03318489400681129,0.05770344170975201,0.072218407415796,0.0753005043812041,0.06824051646781541,0.05414554730499357,0.03598427777348467,0.016649588983056927,-0.001874580553920476,-0.01824991010575694,-0.031692560479317365,-0.04164627595493473,-0.04784732262949983,-0.05045214905231094,-0.04992680956999939,-0.04694355891277836,-0.04225324271508727,-0.03652969843968241,-0.030392994626987607,-0.024267157808198502,-0.01835410060771096,-0.012719586469173653,-0.007372958408496295,-0.0022954506128815702,0.0024147246322929307,0.00667555640233682,0.010464218362613846,0.013799680930903741,0.01672670203289686,0.019307824653172236,0.021511278303568065,0.023338272130990764,0.02479850175701815,0.02591161439503527,0.026757187637886287
35,0.01569318312869954,0.016502989039224508,0.017074317476796476,0.017378620289010265,0.017369098424160002,0.017100488934110144,0.016631672471975622,0.015945359308960908,0.01507545585205587,0.013968812351530684,0.012564059209601207,0.0107965978245657,0.008579222933440881,0.006007260529325083,0.003208408256002325,0.0002223773644015344,-0.0031668073836311405,-0.007478329593840438,-0.012887184267586215,-0.019158475227360534,-0.025883164982319188,-0.03254751132457485,-0.038188819322636916,-0.04136724897202113,-0.040935872933998696,-0.03630205463758901,-0.027435606348030432,-0.01468636919660375,0.0013838330223776472,0.018932667075892945,0.0353706137075746,0.04789374599289786,0.05432916510240794,0.05414554730499357,0.04814814828426874,0.037535582210623725,0.02411435315482649,0.009456798054073767,-0.005041447974836785,-0.01824596076029795,-0.029027513570546292,-0.03646678572283816,-0.040273704464833866,-0.040716854372933625,-0.03844028891787035,-0.03430862718092511,-0.029202141291964037,-0.02389696614193914,-0.018889407748608554,-0.014404643156506412,-0.010459990129743742,-0.00694893048750136,-0.0037183869478797592,-0.0007135426258580638,0.002090808115544343,0.004702967042746424,0.007132417789551557,0.0093873077308948,0.011486212765802474,0.013363177226810408,0.014995497279335687,0.016366977890447162,0.017475475003055966,0.018363417537288537
36,0.007036393311088654,0.00783665472866609,0.008430101701975655,0.008778865484904851,0.008852452431377807,0.008700799780003377,0.008377915136616591,0.007859992247565985,0.0071641939402304865,0.006225368309314591,0.004992475436404117,0.003429031555633375,0.0014939712453027006,-0.0006943203003334969,-0.002986310515389225,-0.005319625317236036,-0.007851056281130784,-0.01097589484188023,-0.014651031512206557,-0.01828299001414337,-0.02106736200883258,-0.022307431495522397,-0.021449322258641646,-0.018259370075366245,-0.01350643266185148,-0.008718310538177005,-0.005063665984323496,-0.0024046495443046335,0.0009058124365941407,0.006330219038574602,0.014116515056038238,0.0229753265352251,0.030805129652352013,0.03598427777348467,0.03753558221062372,0.03505710145653411,0.02893579319134037,0.019968569075970225,0.00926154207099723,-0.0019786484821021325,-0.012302717600857674,-0.020296057777745423,-0.02520070866023168,-0.026960504607508835,-0.026012895592553167,-0.02314488815400932,-0.019290790518451093,-0.015283366038606992,-0.011662772295993681,-0.008698432326122708,-0.006422620225073435,-0.004692333583002543,-0.0032830788944111047,-0.0020223034737592875,-0.0007832537204464042,0.0004887705043378897,0.0018121777643217549,0.0031756762772300363,0.004568403556552709,0.005906484215765291,0.007150002291015652,0.008252996688231038,0.009192343270662923,0.009972206925278565
37,-0.0007255308679379989,-9.511142578215657e-05,0.00036282735564489925,0.0006044272135186868,0.0006233401500601591,0.00047304476389775825,0.0002077923153481491,-0.00020069486982436188,-0.000756039660539054,-0.001538560734455476,-0.002590476343281279,-0.003920589789671158,-0.005525352279657347,-0.0072773435523784975,-0.009025397879828596,-0.010705909387059658,-0.012432493333153124,-0.014494882751263516,-0.016681462592018574,-0.01813625594848463,-0.017782655124688157,-0.01482686604221664,-0.009071943104528492,-0.0011741802874307829,0.006774848738988203,0.011775088111243743,0.011727745760774096,0.006935708991831029,0.00040818189699732535,-0.004086753080203816,-0.0041414732492637794,0.00042656674955684863,0.00805165011055931,0.016649588983056927,0.02411435315482649,0.028935793191340365,0.030240913210269595,0.0279076609025876,0.022456452265254768,0.014810995353333878,0.006353736060739074,-0.0013015715677538269,-0.006993276425456148,-0.0102434824278473,-0.011109304900004318,-0.010099531835973419,-0.00802747086500226,-0.005671852157135719,-0.0035840047379754538,-0.0020947064740636317,-0.0013069893363839857,-0.0011090592944917057,-0.0012653724705764514,-0.001543261182896571,-0.0017477020647835644,-0.001779520589394047,-0.0015979980212502112,-0.0012130787542764324,-0.0006478219497791535,1.2762264906800835e-05,0.0007193623327329706,0.0014001434584382717,0.0020158976280053717,0.0025370963947991083
38,-0.007174833882020345,-0.006854600840260238,-0.006669431333619939,-0.006663584957886159,-0.006814784647884734,-0.007059071780754163,-0.0073366639559397364,-0.007676319432340125,-0.008101082526758615,-0.008706368198045872,-0.00953019392302728,-0.010559697695057471,-0.011757694882106645,-0.013000652587250024,-0.014152535728892749,-0.015167875879922237,-0.016131443967109207,-0.017246491898018863,-0.01819225054337005,-0.017971648860139994,-0.01538865069497789,-0.009660676228230835,-0.0008931013301925975,0.009710913758122443,0.019381554086294783,0.02436750154038294,0.02201709077715807,0.012580577693712857,-0.0004583530987138166,-0.012107289654167054,-0.018483193594773746,-0.018143038350949665,-0.011929316087586697,-0.001874580553920474,0.009456798054073767,0.01996856907597023,0.027907660902587596,0.032342594107236076,0.03304657992090707,0.03033186012838614,0.025085838355521344,0.018735554249459163,0.012715641101204201,0.007971170490770348,0.004954421981502915,0.0036276119530546146,0.003482175954333872,0.0039016008204882206,0.004363810573146098,0.004472801427778502,0.004012109698385202,0.003009260269463233,0.0016589400005380943,0.00019093867301580683,-0.0011788727346523499,-0.0023245283332824955,-0.0031795186936215674,-0.0037360517185103578,-0.004014566576838398,-0.004086473289562762,-0.004002339226626039,-0.003849894656672364,-0.003677281460605388,-0.0035386217892042493
39,-0.012317467791321729,-0.012395591932544348,-0.012563912362805402,-0.01286053914618958,-0.013233195350178611,-0.013607417579493854,-0.0139164618902363,-0.014187616508372407,-0.014457404109071889,-0.014833602392640165,-0.015355257274468712,-0.01599704309300163,-0.016701436178449734,-0.017362080705986084,-0.017871642908132396,-0.018207555744707716,-0.018434889550007705,-0.01869143765994743,-0.01860638833773696,-0.017168955133147524,-0.013225365560691392,-0.006115207895395983,0.00381133101751798,0.015139569438818532,0.025047572031973237,0.029691507628307422,0.026172052140769897,0.01452412439872681,-0.0018910687533193475,-0.017822382158005943,-0.028696782554508287,-0.032114236274725524,-0.02811470148663259,-0.018249910105756946,-0.005041447974836784,0.009261542070997232,0.022456452265254768,0.03304657992090707,0.04013499754889245,0.04324385907937128,0.04237044942620068,0.03832470987706345,0.03257801856809047,0.0265436780447923,0.02126954338320147,0.017307841287051706,0.014607278040145878,0.012834306236760492,0.011556946814063255,0.01033324382221519,0.008816116706401112,0.006915944200402098,0.004741246467705136,0.0024596515581359665,0.00026052182871918946,-0.0017290793615275385,-0.0034246854439713937,-0.004793301571353561,-0.005843196103144162,-0.006624303877918472,-0.007181192009717299,-0.007604239596658185,-0.007943158607977145,-0.008264928817904
40,-0.01635370109104773,-0.01685767146042894,-0.017396917834738908,-0.017998393907672893,-0.018581493748649744,-0.019066692407927528,-0.019384155323073787,-0.019558615139226142,-0.01963413350600797,-0.01972454777738261,-0.01987283494064785,-0.02004962771154363,-0.020188450933582205,-0.02021089907037416,-0.020045888982883783,-0.019689681525040758,-0.019190756705192838,-0.018640441296885746,-0.017665812118224326,-0.01535279590093851,-0.010733704657900188,-0.0033585296135776477,0.006233405378535266,0.016670590001335143,0.025561296848733144,0.02949108004615073,0.02556877913259539,0.013503264411353574,-0.003833361694488052,-0.021574389782790106,-0.035187544949561944,-0.0416808576636725,-0.04023173374287487,-0.03169256047931736,-0.018245960760297948,-0.0019786484821021325,0.014810995353333878,0.03033186012838614,0.04324385907937128,0.052371711632611465,0.056662861250216724,0.055925770402173475,0.05131074431602714,0.044557255714120864,0.03728241724354086,0.03065874606171732,0.025210937696131065,0.021022070370210373,0.017835201341260713,0.01521319124676774,0.012700948055036127,0.010084579619371746,0.007353455850860523,0.004567070194634413,0.001846997162867884,-0.000707028705808004,-0.0030092035640266216,-0.005006832182598986,-0.006694973085703062,-0.008099424102779767,-0.00925628493485173,-0.010244861393711507,-0.011107467607421253,-0.011912209752389073
41,-0.019534369744062703,-0.02043774507462122,-0.021313374824911357,-0.02217367910121364,-0.022915773545611754,-0.02346417854222987,-0.023750617823470457,-0.023795455971473933,-0.023646892267955785,-0.02341732931050301,-0.023153249793278735,-0.02282904054238354,-0.022377304065181694,-0.021751910574480823,-0.02091873738796321,-0.019887661287096802,-0.018688511474614238,-0.017379826666184383,-0.015623993241018633,-0.012675850126179862,-0.00783068501297476,-0.0008637717788596229,0.007562580395672864,0.01618440400313712,0.02317739121299283,0.025886711851945465,0.021782787012761623,0.010329709268999825,-0.006303721021266024,-0.024044803276765052,-0.03885762313384687,-0.04749654661389247,-0.04837605776075705,-0.041646275954934725,-0.02902751357054628,-0.01230271760085767,0.006353736060739074,0.02508583835552134,0.04237044942620068,0.05666286125021673,0.06615731322996043,0.06959957088386713,0.06734967739539918,0.061027126089249824,0.052580791783499746,0.04373632493219749,0.03566364498788097,0.02897909005298791,0.02370664457459343,0.01950418355064481,0.015883777961654452,0.012540185939372037,0.009336535342296875,0.00620153962676481,0.0031600941900961936,0.0002551025598553037,-0.002449231259033298,-0.0048974404038453845,-0.007078998492302302,-0.008996505025668813,-0.01067704554439848,-0.012178680463013528,-0.013528680472293905,-0.014786273188816283
42,-0.022005803841780632,-0.023254945041895708,-0.024411039360831163,-0.025471012023761997,-0.026318033764111296,-0.026889640384210687,-0.027121345903396734,-0.027026750119753026,-0.0266556749152234,-0.026113915717994866,-0.025446583102597266,-0.024639333692622063,-0.023629676353671684,-0.02240172135448043,-0.020955981314293555,-0.019313650082328007,-0.017482249583642678,-0.015496609343657706,-0.013086860059404074,-0.009709260968766521,-0.0049232158019327805,0.0013236186685669248,0.008335480760496266,0.014923405334376917,0.019678468968439132,0.02076232246873171,0.016344182571791852,0.005869548490131824,-0.009237948740754306,-0.025937221445675437,-0.04077321164890483,-0.05044257382575221,-0.052932377173797986,-0.047847322629499825,-0.03646678572283816,-0.020296057777745416,-0.0013015715677538275,0.018735554249459167,0.03832470987706345,0.05592577040217348,0.06959957088386713,0.077497679213359,0.07890800632900476,0.0746380978755149,0.0664574718178704,0.056434586624717606,0.0463364540049865,0.037359151665726585,0.029931990492815114,0.02394289787532375,0.018989686088904223,0.014748038124834908,0.010980107620260571,0.007489640980055076,0.004192471851463887,0.0010487592812668891,-0.0019235318074930757,-0.004689376840928478,-0.007244452556980112,-0.009571733494652438,-0.011687448258356815,-0.013626430881697115,-0.015398722798419726,-0.017047602619595877
43,-0.023795013690743782,-0.025313676040579117,-0.026678234634046692,-0.027871948859854997,-0.028771822614028515,-0.029333081629196348,-0.029496656957129778,-0.02926910698499023,-0.028701082555952214,-0.027888888185632264,-0.02687122163846622,-0.025649418516966314,-0.024172818463094478,-0.02244697603630167,-0.02049901843487002,-0.018363721202332848,-0.016024912951384907,-0.013496480455590681,-0.010588089162606179,-0.00695207088660622,-0.0023819007451580496,0.003040894185171104,0.008642649115610405,0.013314511174997724,0.01588424974677189,0.015227509907116014,0.010400765107969607,0.0010169631122353073,-0.01226836147373886,-0.027479891942740482,-0.04154878818174174,-0.05120115649845543,-0.05440125468906303,-0.05045214905231094,-0.040273704464833866,-0.025200708660231684,-0.006993276425456148,0.0127156411012042,0.03257801856809047,0.05131074431602714,0.06734967739539918,0.07890800632900476,0.08448398081705107,0.08367292692443154,0.07743772702469086,0.06775818444202171,0.056744784238647504,0.04608893690390689,0.036721384332095,0.028909618375089367,0.02247017030083535,0.01714702790223928,0.012653155341945934,0.008705124093305506,0.0051173588147065815,0.0017570426607549032,-0.001422191161118352,-0.004428343592539642,-0.007274217036063789,-0.009927026394251524,-0.01239194991598818,-0.014683008944570506,-0.016794132858248156,-0.01875075029443528
44,-0.025060469399128506,-0.026765601283902478,-0.02826032519658728,-0.029518496011770794,-0.0304184502634095,-0.030935644471214586,-0.031017737948573113,-0.03066565115325028,-0.02993168230601877,-0.0289021994127773,-0.027607031967197482,-0.026064245747457953,-0.024238411535367325,-0.0221490367298027,-0.01984252772495998,-0.017365135180104997,-0.014677440761269457,-0.011772651682472227,-0.008523915773477959,-0.004736200800627074,-0.00038910427773219904,0.004298331774024515,0.008629559186005945,0.011561110211220272,0.012110774466127105,0.009785814645064232,0.00449567200583987,-0.003892846015883357,-0.015339523632867386,-0.028797037051065195,-0.04148100023495062,-0.05025507376550545,-0.053334215808406395,-0.04992680956999939,-0.040716854372933625,-0.026960504607508835,-0.010243482427847296,0.007971170490770348,0.026543678044792306,0.04455725571412088,0.061027126089249824,0.0746380978755149,0.08367292692443154,0.08682330136460233,0.08396543035383332,0.07638165042367621,0.06600753713602764,0.05477944782628875,0.04411940826331737,0.034776174572006005,0.026906026324363848,0.02040731496306642,0.015012117805487299,0.0104205237422986,0.006388161696815622,0.002706711094103716,-0.0007378368972987469,-0.004010202643552876,-0.007145251850223478,-0.01010031548024361,-0.012872354484263307,-0.015458422505737788,-0.017840751762011917,-0.020030880255647435
45,-0.025913598474874924,-0.027741233491446415,-0.029304108786673905,-0.03057312637213375,-0.03143613748578715,-0.03188918476373841,-0.031888590084952755,-0.031431457926695376,-0.030571783117982223,-0.02938753992232745,-0.02789931830582146,-0.02614009341012298,-0.024088339645597253,-0.02177725310888388,-0.01927063894002607,-0.01661858643286309,-0.013761083578747932,-0.01067222297570332,-0.0072651136376504786,-0.0034419408556438853,0.0006880329444489514,0.00476796115296313,0.008021121550756072,0.009443913665377791,0.008265822079215486,0.004541901540233058,-0.0011700370536072877,-0.008739621241294716,-0.01842919959314279,-0.029863286312699935,-0.04065596809071692,-0.04796715029978408,-0.050314429605245514,-0.04694355891277836,-0.03844028891787036,-0.026012895592553174,-0.011109304900004316,0.004954421981502917,0.02126954338320147,0.037282417243540866,0.05258079178349976,0.0664574718178704,0.07743772702469087,0.08396543035383332,0.08509567192069648,0.081049147625985,0.07300758085032183,0.06272426009079833,0.051909712041994314,0.041760395418512626,0.03282906320123804,0.025239925626960532,0.018828295999241688,0.013373728567126387,0.00864977918317159,0.004421020945294863,0.0005259590649750404,-0.003152990996623783,-0.006670372682176828,-0.009980279715311588,-0.013078519881969557,-0.015951835873385535,-0.018578155284254046,-0.02096185078635924
46,-0.026253240209193052,-0.028186226427261804,-0.029800047447520676,-0.03106841870894519,-0.031897173752368266,-0.03230095517060843,-0.03224602480415657,-0.03172850242346851,-0.030803378114984556,-0.029542052572838547,-0.027956839581916453,-0.026092573838246213,-0.023941607104855767,-0.021549851568419078,-0.018997905015083798,-0.01633693687769839,-0.013493527925142664,-0.010427212444246915,-0.00708111212734709,-0.0034226021549497027,0.0003485706433599504,0.003760915766880193,0.00597324486617455,0.0060683659820108095,0.0035167042002840106,-0.001175862744558239,-0.006972858388628852,-0.013515116663508138,-0.021266914483702336,-0.03040040236775607,-0.03897063608270956,-0.04450519632050187,-0.04582591238968588,-0.04225324271508727,-0.034308627180925116,-0.02314488815400932,-0.01009953183597342,0.0036276119530546146,0.01730784128705171,0.03065874606171732,0.04373632493219749,0.056434586624717606,0.06775818444202171,0.07638165042367621,0.08104914762598499,0.08109784560659168,0.07669378928147601,0.06893646846036797,0.05942502015829578,0.04958415143723793,0.04030358347354891,0.03196806542932743,0.024601235810035746,0.01815909416445966,0.012520587388551309,0.0074921169207230465,0.0029090792196127227,-0.0013748616036932922,-0.005423937630899224,-0.0091943654065084,-0.012688555407698466,-0.015893895383262486,-0.018791056023691036,-0.02138088310730881
47,-0.025853749785754776,-0.027928128062593743,-0.029628573996414963,-0.030935879184068597,-0.03177936075287672,-0.03218797428747214,-0.03213778179277131,-0.03162757572372076,-0.0307138497117674,-0.02946289730499953,-0.02788132791627055,-0.02602279640514906,-0.023893680708058057,-0.021549205912646308,-0.01908483192195414,-0.01655618340499017,-0.013889568699949848,-0.011042188001797687,-0.00799233818532631,-0.004766223925081942,-0.0016300933385491167,0.0008792871576529405,0.0019262968173373559,0.0007607141116814695,-0.0028470141927084474,-0.007986333345194621,-0.013261024917743516,-0.018189733571693265,-0.02354761532260056,-0.030070767671897373,-0.036224924892916684,-0.03990522867651908,-0.04022566726167342,-0.0365296984396824,-0.029202141291964037,-0.019290790518451093,-0.008027470865002261,0.0034821759543338716,0.014607278040145878,0.025210937696131065,0.03566364498788097,0.046336454004986496,0.056744784238647504,0.06600753713602764,0.07300758085032183,0.07669378928147601,0.07639652293675907,0.07231695639825686,0.06550556010669373,0.05724787634171032,0.04858322213672618,0.04012531597041479,0.03213496559280111,0.024809449644575488,0.01820506189116977,0.012239753713957338,0.0068011090855826725,0.001752710671462646,-0.0029621345538343377,-0.007302784293258337,-0.011281770783788728,-0.014896458985040389,-0.01813353602568981,-0.020989680134861376
48,-0.02453953383693197,-0.02682958000293086,-0.028692454210600474,-0.030118784814578806,-0.0310609424346015,-0.03155654362557517,-0.03159055565977092,-0.031168285543435776,-0.030349710246216466,-0.029199162320487495,-0.027722541118142718,-0.02597911128214547,-0.02398630939470831,-0.02180542896536519,-0.01954265044962984,-0.017261319635351696,-0.014903099719793424,-0.012441115744912544,-0.009900218206971338,-0.007372403902612057,-0.005176431254954698,-0.003855512580196441,-0.004144039376396445,-0.006519571385828961,-0.010821542392080285,-0.015792619362341727,-0.019849222016956783,-0.02253243895852276,-0.025020007596098084,-0.028632157278517555,-0.032305877617064827,-0.03430474872769457,-0.03391406914916816,-0.030392994626987607,-0.02389696614193914,-0.015283366038606992,-0.005671852157135719,0.0039016008204882224,0.012834306236760492,0.021022070370210377,0.02897909005298791,0.037359151665726585,0.0460889369039069,0.05477944782628874,0.06272426009079833,0.06893646846036797,0.07231695639825686,0.07226487576321027,0.06904305814342256,0.06344511843507451,0.05639254987754275,0.04861027885914508,0.040575560458106424,0.032735899462169406,0.025359198268497113,0.018524087121847357,0.012219378110904336,0.006360287589705036,0.0009200117944676075,-0.004058031029760034,-0.00859313736147311,-0.012694519620844162,-0.016353644067664833,-0.019560092854889785
49,-0.022222371065524008,-0.02482365189395743,-0.026950146004466925,-0.02860181676925648,-0.029749269448072137,-0.030431524563791335,-0.030641427883841207,-0.030393840112325973,-0.029754229030337122,-0.02878893423839851,-0.02750913151346982,-0.02597808603149991,-0.024222676930130613,-0.02230797652698301,-0.020346631720808483,-0.018411525099939978,-0.01647017641937889,-0.014525706726480155,-0.012662880655421965,-0.011055742473631827,-0.010073029253499656,-0.010219951715089314,-0.012022840731846141,-0.01554415118239456,-0.020155137598346223,-0.024360398595762764,-0.02654118541646309,-0.026353604570184257,-0.025473683508931613,-0.02590359731571626,-0.027164918774480518,-0.02784561488050243,-0.027200729275446717,-0.024267157808198502,-0.018889407748608554,-0.011662772295993681,-0.0035840047379754546,0.0043638105731460975,0.011556946814063255,0.01783520134126072,0.02370664457459343,0.029931990492815107,0.03672138433209501,0.04411940826331737,0.051909712041994314,0.05942502015829579,0.06550556010669373,0.06904305814342257,0.06957092106320796,0.06723022239331716,0.06257963712007932,0.05626949207699291,0.048896003263077664,0.041105533432775974,0.03336569990374845,0.025932291871630955,0.018924052884881172,0.012341556473951987,0.00621042135892684,0.0005896957720633077,-0.004535326154214547,-0.00917928620990145,-0.013333604446900774,-0.016976117128178734
50,-0.018876571465081513,-0.02188080329309902,-0.02437572233784155,-0.026366859748796295,-0.02783606619953527,-0.028815041947243828,-0.029301228096107957,-0.029320806248824292,-0.028946013506165113,-0.02824906845451557,-0.02725139548224063,-0.026019698658675865,-0.024590780291107617,-0.023031998236935924,-0.021458767211957816,-0.01995334926536152,-0.01851217196566787,-0.01717463304407691,-0.0160957322019344,-0.015544565332461494,-0.015938103194985308,-0.017717639880672972,-0.02113282110916932,-0.02573258167203333,-0.03037418081460462,-0.03337136598623357,-0.033127717850711634,-0.029500593767641886,-0.024803644338781496,-0.021865041063492727,-0.020875086678230338,-0.020661446346384522,-0.02026042098258767,-0.018354100607710956,-0.014404643156506414,-0.00869843232612271,-0.0020947064740636325,0.004472801427778502,0.010333243822215196,0.015213191246767743,0.01950418355064481,0.023942897875323742,0.028909618375089367,0.034776174572006005,0.041760395418512626,0.04958415143723794,0.05724787634171032,0.06344511843507453,0.06723022239331716,0.06816357853905862,0.06632456941406689,0.06211024703602938,0.056086808805365596,0.04899337842183847,0.04144083885042887,0.03384220411466448,0.02644790280450756,0.019362154573603314,0.012680757194155828,0.006494426731325449,0.0008089529045987563,-0.004384454724481507,-0.00907000868300222,-0.01320743164027384
51,-0.014575642387152811,-0.01804832146406844,-0.020998396538937373,-0.02343212834706335,-0.02533412644149466,-0.02671858455439597,-0.027581571396137466,-0.027959418333655957,-0.027930604492051505,-0.027576637997600014,-0.026931948945123206,-0.026067246924296815,-0.0250311403472084,-0.023893488440266973,-0.022769221390318523,-0.021747568333184635,-0.02085446053133566,-0.020169919982309832,-0.0199220986178892,-0.020474137176772465,-0.022277119974989525,-0.025682942370521558,-0.030643383749756847,-0.03619801866292679,-0.04068478503182778,-0.042173112694033434,-0.039116306340875984,-0.03173115002278692,-0.023064037248456636,-0.016786811673024617,-0.013768782346878287,-0.013021660132823945,-0.013252723670147813,-0.012719586469173653,-0.010459990129743744,-0.006422620225073437,-0.0013069893363839872,0.004012109698385202,0.008816116706401112,0.012700948055036129,0.01588377796165445,0.01898968608890422,0.02247017030083535,0.026906026324363848,0.032829063201238046,0.040303583473548926,0.04858322213672619,0.05639254987754275,0.0625796371200793,0.06632456941406689,0.06726994767970111,0.06547045264856244,0.061322242440647504,0.05552510172873564,0.04874319531915542,0.041494217322256347,0.03413518873018911,0.026872508471002792,0.019880230747375834,0.013293996478333204,0.007154474049774938,0.0014708426790450307,-0.0037259799299485972,-0.008371196002924821
52,-0.009474012683117435,-0.013443749506214926,-0.01690629142901209,-0.019864223692621134,-0.022296053645249954,-0.024186811464221743,-0.025522055694330765,-0.026343914979097587,-0.026733799980700888,-0.0267849027816246,-0.026546429492704554,-0.026094508438349616,-0.025491342663445837,-0.024809533286130062,-0.024160315136788475,-0.02363735298572338,-0.0232973271166828,-0.02326477548961264,-0.023837929518471787,-0.025463499016192312,-0.028608799531035813,-0.033512842330270146,-0.03982799584822096,-0.04612919665513254,-0.05025702771658607,-0.04999533795266032,-0.043927721179695324,-0.03280610654416126,-0.020396857902166183,-0.011080657892205322,-0.006322473993937265,-0.005290455616359575,-0.0063599501819233736,-0.0073729584084962895,-0.0069489304875013595,-0.004692333583002543,-0.0011090592944917059,0.0030092602694632327,0.006915944200402099,0.010084579619371746,0.012540185939372037,0.014748038124834901,0.01714702790223928,0.020407314963066418,0.025239925626960535,0.03196806542932743,0.04012531597041479,0.048610278859145074,0.05626949207699291,0.06211024703602938,0.06547045264856244,0.06607969869297188,0.0640871435912151,0.06003673490351421,0.0545433507754794,0.048155355642874056,0.041292087059475145,0.03424351696305901,0.02725722316749651,0.020517759664590397,0.014108117835049188,0.008064383934524246,0.0024390890688465654,-0.0026730558471392395
53,-0.0037612198717508834,-0.008218808751176967,-0.012217729729329862,-0.015753162993881815,-0.018789194501023676,-0.02127047905761829,-0.02316166097677444,-0.024503459793672445,-0.025375066321652606,-0.025881829758133176,-0.02608886349826286,-0.026079793276530046,-0.025931111921234016,-0.025717504442729144,-0.025543894471393103,-0.02550746729593659,-0.025695499703109196,-0.02627665542966787,-0.02761096221562802,-0.03021573584299851,-0.03456413293228488,-0.04077548913952353,-0.048205503685762194,-0.05498653093828794,-0.05849480886570565,-0.0562827023320114,-0.04719977636084162,-0.03263955030977234,-0.01698548456922598,-0.005118537383085586,0.0010450190893289924,0.0022079143081100306,0.00026219792617304026,-0.0022954506128815668,-0.0037183869478797584,-0.003283078894411105,-0.00126537247057645,0.0016589400005380952,0.004741246467705139,0.007353455850860526,0.009336535342296873,0.010980107620260566,0.012653155341945934,0.015012117805487302,0.018828295999241688,0.024601235810035753,0.0321349655928011,0.040575560458106424,0.04889600326307767,0.056086808805365596,0.0613222424406475,0.0640871435912151,0.06428190365474677,0.062227688511370796,0.058402808082017324,0.05330817227541754,0.04737179942065227,0.04093614810966356,0.034305616374105674,0.027707228217949135,0.021265590733163916,0.015047862170425695,0.00913187250503126,0.0036452695270122295
54,0.002329615786764265,-0.0025693120593245416,-0.007091820327056553,-0.011222863294738263,-0.014905173009672743,-0.018034014140528937,-0.020543245932781645,-0.02246428683808784,-0.0238689264382055,-0.02487314649790057,-0.025557720923835004,-0.026014538285749306,-0.026333186409771676,-0.026588696200226466,-0.026878487750075255,-0.02730322520439754,-0.027979345897430875,-0.029115383279352376,-0.031121259120286186,-0.03456837802711718,-0.03992565020869795,-0.047193236082309506,-0.055439847190645396,-0.062383067586341455,-0.06500675098867051,-0.06075443297868405,-0.048855298972743426,-0.03134610716704299,-0.013090107055051085,0.000729773308271173,0.007917791899558067,0.009102313084691087,0.006360681343446594,0.0024147246322929273,-0.0007135426258580637,-0.0020223034737592883,-0.0015432611828965705,0.00019093867301580827,0.0024596515581359695,0.004567070194634415,0.006201539626764813,0.007489640980055075,0.00870512409330551,0.0104205237422986,0.01337372856712639,0.018159094164459665,0.024809449644575488,0.032735899462169406,0.04110553343277598,0.04899337842183847,0.05552510172873565,0.06003673490351421,0.062227688511370796,0.06219141165431174,0.06022304917389141,0.05671421052033679,0.05204666859948739,0.04657297050265535,0.04062704945412237,0.03446345676551807,0.02824184387222377,0.02206014329954328,0.016021897114498095,0.010287916432850168
55,0.008503449024725352,0.003246394179446975,-0.0017455939876435777,-0.006445249408758914,-0.010769270996802855,-0.014558419136623056,-0.01770884764112539,-0.020236374727537903,-0.02220116814836161,-0.02372638471714424,-0.024906314076296353,-0.02584007253617881,-0.026627598245307332,-0.027343037959072287,-0.028076390026492114,-0.028931385396438462,-0.030050708246983835,-0.03167598856546718,-0.03425273506604153,-0.03838509491576719,-0.044522155893817625,-0.052545524540818844,-0.06126549395808438,-0.06805633064649141,-0.06961907023767203,-0.06340415410038788,-0.04906140661427211,-0.02919528840609416,-0.009010862571856586,0.006165553272617315,0.014014865494277233,0.015151409834309593,0.011760846975973077,0.006675556402336824,0.002090808115544344,-0.0007832537204464044,-0.0017477020647835636,-0.0011788727346523516,0.00026052182871918924,0.001846997162867882,0.003160094190096188,0.004192471851463883,0.005117358814706577,0.006388161696815617,0.008649779183171589,0.012520587388551309,0.018205061891169768,0.025359198268497113,0.03336569990374845,0.04144083885042887,0.04874319531915542,0.05454335077547941,0.058402808082017324,0.0602230491738914,0.06011241562044335,0.058320141880535296,0.055138222715195084,0.05088560267268002,0.04589370585729904,0.04042442067362523,0.0346617058723608,0.028729421678861885,0.02275311566638666,0.016923938970022187
56,0.014521215679229262,0.009017161096221873,0.0036443987827834766,-0.0015562325108920952,-0.0064734279158091615,-0.010892492747478184,-0.014668739535602215,-0.017798237520410296,-0.020326446946912123,-0.02237904027923806,-0.02405971406861443,-0.0254721387757023,-0.026723806874322215,-0.02788658363227229,-0.029043510767985718,-0.030300269335484218,-0.03182083354340962,-0.03387094603676352,-0.036918266480546705,-0.04158019272747353,-0.04827042649512298,-0.05675212245170156,-0.0656138406829987,-0.07198162238148463,-0.07239824533167168,-0.06441068647019275,-0.04807692427869043,-0.026460307298006008,-0.0049735856826407425,0.011039785206248496,0.019250954475296417,0.020300972314761134,0.016422957556959078,0.010464218362613853,0.004702967042746427,0.0004887705043378905,-0.0017795205893940465,-0.002324528333282497,-0.0017290793615275383,-0.0007070287058080051,0.00025510255985529656,0.0010487592812668835,0.0017570426607549023,0.002706711094103711,0.004421020945294859,0.0074921169207230465,0.012239753713957335,0.018524087121847353,0.025932291871630955,0.03384220411466447,0.041494217322256347,0.04815535564287405,0.05330817227541754,0.056714210520336795,0.058320141880535296,0.0582300006840555,0.056622619303269346,0.05374844185768265,0.049905824541852106,0.04534119540549921,0.04024811140089951,0.03476733948491659,0.02903964618241254,0.023281029954134214
57,0.0201817313255737,0.01456263020224491,0.008925517530140856,0.003325772686185658,-0.0020977995133769555,-0.007077858244301851,-0.011429302167186305,-0.015126494569127992,-0.01819771514377332,-0.02076622181364257,-0.022940033054116137,-0.02482375739348404,-0.026529312091382064,-0.028124784374524116,-0.029686018042649476,-0.03131832276282391,-0.03320064217444392,-0.03561325264533368,-0.039034245923994744,-0.044079964395265805,-0.05112042279025607,-0.059806272685921334,-0.06854351396153285,-0.07429694026546994,-0.07355898329919597,-0.06404091086849777,-0.04617873892745416,-0.02338245865264809,-0.0011447674017008263,0.01528221095393653,0.023632994887117526,0.024588744596984898,0.020381922073127338,0.01379968093090374,0.007132417789551558,0.0018121777643217536,-0.0015979980212502101,-0.0031795186936215683,-0.0034246854439713916,-0.003009203564026621,-0.0024492312590332988,-0.0019235318074930761,-0.001422191161118349,-0.000737836897298746,0.000525959064975042,0.002909079219612726,0.0068011090855826725,0.012219378110904339,0.018924052884881172,0.02644790280450756,0.034135188730189114,0.041292087059475145,0.04737179942065227,0.052046668599487395,0.055138222715195084,0.056622619303269346,0.056564027058718956,0.05512532568338554,0.05254886175140982,0.049043474082526295,0.04479469812916652,0.039947708338715804,0.03464864755732456,0.029130319669849417
58,0.025324885128580672,0.019731961511220884,0.013963771395313938,0.008089930595709137,0.002274324009083805,-0.0031683714906728462,-0.008015549956988978,-0.012219766415263712,-0.01578980754164872,-0.01884166280879343,-0.021483365212635035,-0.023817450322613818,-0.025957820195335084,-0.027967012262512525,-0.02991260639484398,-0.03189696119412814,-0.03410749051665556,-0.036830243815821326,-0.040544216900412815,-0.04585402072829349,-0.053080763715754854,-0.06177274865177225,-0.0701931148889282,-0.07521763605884232,-0.07337147231875848,-0.0625782263916578,-0.04361694252408797,-0.020138748753116057,0.0023970543883505466,0.018910480892925,0.027245334573296587,0.02812097085896374,0.023722706807750172,0.01672670203289686,0.009387307730894799,0.0031756762772300376,-0.001213078754276432,-0.0037360517185103586,-0.00479330157135356,-0.005006832182598984,-0.004897440403845384,-0.004689376840928482,-0.004428343592539641,-0.004010202643552877,-0.003152990996623783,-0.001374861603693291,0.0017527106714626455,0.006360287589705034,0.012341556473951989,0.019362154573603317,0.026872508471002792,0.03424351696305901,0.04093614810966357,0.04657297050265535,0.050885602672680025,0.05374844185768265,0.05512532568338554,0.055090718315439914,0.05381913455225881,0.051464885797984236,0.04818868618137188,0.04412593013110672,0.039416538539921046,0.03430025607830965
59,0.029870636524718153,0.024452784926667085,0.01869949522395915,0.012692821920138922,0.006617619063698333,0.0008292070303293468,-0.004416833478731518,-0.009052152619328128,-0.013064353281778586,-0.016558741012567227,-0.019639436023992204,-0.022403737415683023,-0.024965337179826855,-0.02737840708480361,-0.02970024066762117,-0.03202669071579251,-0.034547093091108746,-0.03754538345235732,-0.041493675177754,-0.04697885259843249,-0.05427418048795225,-0.06284000786005312,-0.0708330299232383,-0.07509437305485782,-0.07223526102344839,-0.06041220597104841,-0.04070913206771207,-0.016933114055503802,0.005577957304251232,0.021970108084679446,0.03020841854898019,0.031033694155800654,0.026553222949935097,0.01930782465317224,0.011486212765802474,0.00456840355655271,-0.0006478219497791524,-0.004014566576838398,-0.005843196103144162,-0.0066949730857030635,-0.0070789984923023035,-0.007244452556980114,-0.007274217036063787,-0.007145251850223478,-0.00667037268217683,-0.0054239376308992246,-0.0029621345538343377,0.000920011794467607,0.006210421358926841,0.012680757194155824,0.019880230747375834,0.02725722316749651,0.034305616374105674,0.04062704945412237,0.04589370585729903,0.049905824541852106,0.05254886175140982,0.05381913455225881,0.05382322385384215,0.05265218012378789,0.050429418222943445,0.04726743712869301,0.043287564696665,0.038725093233449616
60,0.03373252589339176,0.028646333922483235,0.02306661900795725,0.01708386672030564,0.010898729436324575,0.004899386065876844,-0.000630939799570903,-0.005604241397501743,-0.009986844821480918,-0.013871123624610609,-0.017354204783648935,-0.02052466132923528,-0.02349368125697762,-0.02630434926284051,-0.029001163096410713,-0.03166986813997868,-0.03449441235549561,-0.03774864455662643,-0.041890667968142795,-0.04748525070674065,-0.05476109819937555,-0.06310738791580683,-0.07061230123735777,-0.07413527351587636,-0.07041634848804947,-0.057839039379945924,-0.037726422984241156,-0.013961292718076194,0.008295368130970515,0.024440146779273458,0.03254770866466504,0.033356515279193935,0.028879220227778522,0.021511278303568065,0.013363177226810404,0.005906484215765291,1.2762264906800159e-05,-0.004086473289562765,-0.006624303877918473,-0.008099424102779765,-0.008996505025668813,-0.009571733494652438,-0.009927026394251522,-0.01010031548024361,-0.009980279715311582,-0.0091943654065084,-0.007302784293258337,-0.004058031029760034,0.000589695772063309,0.006494426731325449,0.013293996478333205,0.020517759664590397,0.027707228217949135,0.034463456765518076,0.04042442067362523,0.045341195405499204,0.04904347408252629,0.051464885797984236,0.05265218012378789,0.052635280945029284,0.05149492761667273,0.049311555685441544,0.04617696945668664,0.04230888409160257
61,0.036894190563080694,0.032305824420298404,0.027071634041348602,0.02128476732490753,0.015154861665118024,0.009094498862115741,0.0034080793144598684,-0.0017993340806765727,-0.006474306392948004,-0.01069566985894095,-0.014550543223307306,-0.01811356901500452,-0.021489128292611008,-0.024705777318458803,-0.02779266390250245,-0.03082174875632329,-0.03396467381905196,-0.03747724889061837,-0.04179714896373896,-0.04746421530041244,-0.05466807049868955,-0.06274521550622382,-0.06974890905076307,-0.0725989723690709,-0.06819437407905578,-0.055126485125361245,-0.0348804440280069,-0.011341654269182367,0.010526327670362446,0.026355293791247375,0.034319563252444264,0.035142434251548116,0.030730192359161405,0.02333827213099076,0.014995497279335687,0.007150002291015654,0.0007193623327329704,-0.004002339226626041,-0.007181192009717299,-0.00925628493485173,-0.010677045544398482,-0.011687448258356818,-0.01239194991598818,-0.012872354484263307,-0.013078519881969557,-0.012688555407698466,-0.011281770783788728,-0.00859313736147311,-0.004535326154214546,0.0008089529045987582,0.007154474049774938,0.014108117835049188,0.021265590733163916,0.02824184387222377,0.0346617058723608,0.04024811140089951,0.04479469812916652,0.04818868618137188,0.050429418222943445,0.05149492761667274,0.05142632397720223,0.05026854815181518,0.04807650608452414,0.04503737012236003
62,0.03933403963909604,0.03541727798204976,0.03071220677193346,0.02530727187641043,0.019412593676877647,0.013455691703717092,0.007754200300436227,0.0024264798697273466,-0.002457347024852715,-0.006963307166598727,-0.01116518817680845,-0.015116120160938362,-0.018906693092214134,-0.022546163306199497,-0.02604524967556988,-0.02945907102696986,-0.0329416754802749,-0.03672358655410659,-0.04121699871643837,-0.04693623778357694,-0.054039822030884956,-0.06183234372859946,-0.06836436432809902,-0.07064887602136696,-0.06575912898385725,-0.05246351594880154,-0.03233076924443373,-0.009186293740586842,0.012212204235107995,0.027707915994433018,0.0355491869922513,0.03642483727595702,0.03213291303570027,0.02479850175701815,0.016366977890447165,0.00825299668823104,0.0014001434584382715,-0.0038498946566723658,-0.007604239596658185,-0.010244861393711507,-0.012178680463013526,-0.013626430881697118,-0.014683008944570513,-0.015458422505737788,-0.01595183587338554,-0.015893895383262486,-0.014896458985040393,-0.012694519620844162,-0.009179286209901452,-0.004384454724481508,0.0014708426790450307,0.008064383934524246,0.015047862170425691,0.02206014329954328,0.028729421678861885,0.03476733948491659,0.039947708338715804,0.04412593013110672,0.04726743712869301,0.04931155568544155,0.05026854815181518,0.05015200379518607,0.04897812337705275,0.04689200242699478
63,0.04099498341743293,0.03791750038571647,0.03392529761758997,0.029093465202346146,0.023622751825518495,0.01794443805242129,0.012380364303520493,0.007057198949051334,0.0020566318192496414,-0.00267636361186599,-0.007198628924945611,-0.011532926374918371,-0.015747095080150632,-0.01982499177780999,-0.023755605861362394,-0.02757520867319372,-0.03141700961478168,-0.03548155214538282,-0.04015234806932354,-0.04591869003197034,-0.05291649982425682,-0.0604374718413381,-0.06655768911921696,-0.06840731026536057,-0.06323779961500121,-0.049956304401347656,-0.03014413282996251,-0.007524572785348115,0.013348566996111422,0.028512428862115226,0.036265598256419375,0.03723915009287954,0.03312127751659548,0.02591161439503527,0.017475475003055966,0.009192343270662925,0.002015897628005372,-0.00367728146060539,-0.007943158607977143,-0.011107467607421255,-0.013528680472293907,-0.01539872279841973,-0.01679413285824816,-0.017840751762011914,-0.018578155284254046,-0.018791056023691036,-0.018133536025689814,-0.016353644067664833,-0.013333604446900772,-0.00907000868300222,-0.0037259799299485964,0.002439089068846566,0.00913187250503126,0.016021897114498095,0.02275311566638666,0.02903964618241254,0.03464864755732456,0.039416538539921046,0.043287564696665,0.04617696945668664,0.04807650608452414,0.04897812337705275,0.04886409999812038,0.047829327034468926
64,0.041875395815203144,0.039763983717446494,0.03663592394470643,0.032545257106393215,0.027672262824005138,0.022439858555914648,0.01716378064767271,0.011972348901743353,0.006953423317628256,0.002060797159393125,-0.0027423167783761394,-0.007441003057731459,-0.012072711690663462,-0.0165915483681327,-0.02096297462193406,-0.025203500220118632,-0.02942392145192821,-0.03379218172380718,-0.038662107705575204,-0.044500008325248606,-0.05142500892235868,-0.058727375110532234,-0.06452691471910242,-0.06608553078091438,-0.06082837858208163,-0.04775809668610353,-0.028404101635588007,-0.006359499314936101,0.014001991753610941,0.028876165068866408,0.036594229054546616,0.037713449029007834,0.03380640262108043,0.026757187637886287,0.018363417537288537,0.009972206925278565,0.0025370963947991087,-0.0035386217892042497,-0.008264928817904,-0.011912209752389071,-0.014786273188816286,-0.01704760261959588,-0.018750750294435282,-0.020030880255647435,-0.02096185078635924,-0.02138088310730881,-0.020989680134861376,-0.019560092854889785,-0.01697611712817873,-0.01320743164027384,-0.008371196002924821,-0.0026730558471392387,0.003645269527012233,0.010287916432850173,0.016923938970022187,0.023281029954134214,0.029130319669849417,0.03430025607830965,0.03872509323344961,0.04230888409160258,0.04503737012236003,0.046892002426994775,0.047829327034468926,0.047892168361535856
